benchmark_id,preset,run_id,topic,status,error,p_msgs_produced,p_msgs_delivered,p_msgs_failed,p_bytes_delivered,p_elapsed_sec,p_msgs_per_sec,p_mb_per_sec,p_dr_lat_avg_us,p_dr_lat_p50_us,p_dr_lat_p95_us,p_dr_lat_p99_us,p_dr_lat_min_us,p_dr_lat_max_us,p_cpu_avg_pct,p_cpu_max_pct,p_mem_avg_mb,p_mem_peak_mb,c_msgs_consumed,c_bytes_consumed,c_elapsed_sec,c_msgs_per_sec,c_mb_per_sec,c_e2e_lat_avg_ms,c_e2e_lat_p50_ms,c_e2e_lat_p95_ms,c_e2e_lat_p99_ms,c_e2e_lat_min_ms,c_e2e_lat_max_ms,c_consumer_lag_at_end,c_cpu_avg_pct,c_cpu_max_pct,c_mem_avg_mb,c_mem_peak_mb
benchmark_high_throughput_20260225_054212,high_throughput,1,benchmark-high_throughput-4048ecab,ok,,5000000,5000000,0,2560000000,1.44,3467168.12,1692.95,3157.46,3357.0,4150.0,5740.0,1530.0,53766.0,0.0,0.0,82.93359375,124.265625,5000000,2560000000,6.92,722266.35,352.67,2584.32,2459.37,5509.51,6098.93,152.66,6515.14,0,0.0,0.0,783.8854166666666,868.921875
benchmark_high_throughput_20260225_054212,high_throughput,2,benchmark-high_throughput-ee17bf90,ok,,5000000,5000000,0,2560000000,1.41,3539391.91,1728.22,3118.43,3232.0,3933.0,10169.0,1563.0,54371.0,0.0,0.0,97.9609375,141.5,5000000,2560000000,10.52,475331.67,232.1,3449.65,3035.13,7943.93,8113.61,293.17,9588.75,0,0.0,0.0,717.797697368421,813.96875
benchmark_high_throughput_20260225_054212,high_throughput,3,benchmark-high_throughput-aaaca3a7,ok,,5000000,5000000,0,2560000000,1.41,3556447.95,1736.55,3172.38,3227.0,4053.0,9465.0,1528.0,53764.0,0.0,0.0,96.99609375,143.4375,5000000,2560000000,11.08,451217.2,220.32,3369.9,2735.73,8445.85,10457.34,203.27,10458.45,0,0.0,0.0,776.90703125,865.125
