benchmark_id,preset,run_id,topic,status,error,p_msgs_produced,p_msgs_delivered,p_msgs_failed,p_bytes_delivered,p_elapsed_sec,p_msgs_per_sec,p_mb_per_sec,p_dr_lat_avg_us,p_dr_lat_p50_us,p_dr_lat_p95_us,p_dr_lat_p99_us,p_dr_lat_min_us,p_dr_lat_max_us,p_cpu_avg_pct,p_cpu_max_pct,p_mem_avg_mb,p_mem_peak_mb,c_msgs_consumed,c_bytes_consumed,c_elapsed_sec,c_msgs_per_sec,c_mb_per_sec,c_e2e_lat_avg_ms,c_e2e_lat_p50_ms,c_e2e_lat_p95_ms,c_e2e_lat_p99_ms,c_e2e_lat_min_ms,c_e2e_lat_max_ms,c_consumer_lag_at_end,c_cpu_avg_pct,c_cpu_max_pct,c_mem_avg_mb,c_mem_peak_mb
benchmark_sustained_throughput_20260225_054820,sustained_throughput,1,benchmark-sustained_throughput-4cd49c2d,ok,,162958061,162958061,0,166869054464,60.0,2715967.68,2652.31,3166.63,2703.0,4701.0,5794.0,1681.0,24647.0,0.0,0.0,188.84296218487395,196.328125,45747646,46845589504,89.71,509925.3,497.97,8196.09,8380.97,15635.4,16722.82,1.8,16807.47,0,0.0,0.0,1075.6247395833334,1105.515625
benchmark_sustained_throughput_20260225_054820,sustained_throughput,2,benchmark-sustained_throughput-422d4b8e,ok,,164930000,164930000,0,168888320000,60.0,2748808.45,2684.38,3162.5,2647.0,4555.0,8583.0,1613.0,26212.0,0.0,0.0,241.52008928571428,254.1875,45871013,46971917312,89.27,513852.66,501.81,8244.33,8213.98,15730.43,16807.55,386.64,17490.49,0,0.0,0.0,1206.96484375,1261.171875
benchmark_sustained_throughput_20260225_054820,sustained_throughput,3,benchmark-sustained_throughput-64461079,ok,,164387827,164387827,0,168333134848,60.0,2739797.12,2675.58,3128.45,2665.0,4501.0,5375.0,1611.0,25190.0,0.0,0.0,185.30856092436974,195.0625,45978997,47082492928,89.32,514774.8,502.71,8189.46,8223.74,15522.41,16320.8,202.92,16615.39,0,0.0,0.0,1112.73828125,1157.078125
