benchmark_id,preset,run_id,topic,status,error,p_msgs_produced,p_msgs_delivered,p_msgs_failed,p_bytes_delivered,p_elapsed_sec,p_msgs_per_sec,p_mb_per_sec,p_dr_lat_avg_us,p_dr_lat_p50_us,p_dr_lat_p95_us,p_dr_lat_p99_us,p_dr_lat_min_us,p_dr_lat_max_us,p_cpu_avg_pct,p_cpu_max_pct,p_mem_avg_mb,p_mem_peak_mb,c_msgs_consumed,c_bytes_consumed,c_elapsed_sec,c_msgs_per_sec,c_mb_per_sec,c_e2e_lat_avg_ms,c_e2e_lat_p50_ms,c_e2e_lat_p95_ms,c_e2e_lat_p99_ms,c_e2e_lat_min_ms,c_e2e_lat_max_ms,c_consumer_lag_at_end,c_cpu_avg_pct,c_cpu_max_pct,c_mem_avg_mb,c_mem_peak_mb
benchmark_sustained_throughput_20260225_053725,sustained_throughput,1,benchmark-sustained_throughput-b0e2f2b4,ok,,158110000,158110000,0,161904640000,60.0,2635133.81,2573.37,3322.92,2788.0,4864.0,8986.0,1654.0,25023.0,0.0,0.0,282.72098214285717,351.015625,45428549,46518834176,89.42,508045.09,496.14,8363.1,8484.36,15438.45,17033.94,1.87,17193.68,0,0.0,0.0,1133.3162076271187,1159.25
benchmark_sustained_throughput_20260225_053725,sustained_throughput,2,benchmark-sustained_throughput-eaf0778b,ok,,154170000,154170000,0,157870080000,60.0,2569468.35,2509.25,3293.4,2778.0,4789.0,8040.0,1652.0,25768.0,0.0,0.0,269.01286764705884,340.21875,45625254,46720260096,89.4,510369.25,498.41,8167.89,8176.7,15335.48,16371.86,1.87,17389.38,0,0.0,0.0,1156.2109375,1184.546875
benchmark_sustained_throughput_20260225_053725,sustained_throughput,3,benchmark-sustained_throughput-10e31987,ok,,154390000,154390000,0,158095360000,60.0,2573121.17,2512.81,3276.34,2746.0,4711.0,8910.0,1688.0,28522.0,0.0,0.0,313.03925945378154,458.296875,45803407,46902688768,89.17,513645.5,501.61,7945.94,7847.92,15317.15,16312.21,1.71,16435.88,0,0.0,0.0,1164.1745233050847,1192.9375
