benchmark_id,preset,run_id,topic,status,error,p_msgs_produced,p_msgs_delivered,p_msgs_failed,p_bytes_delivered,p_elapsed_sec,p_msgs_per_sec,p_mb_per_sec,p_dr_lat_avg_us,p_dr_lat_p50_us,p_dr_lat_p95_us,p_dr_lat_p99_us,p_dr_lat_min_us,p_dr_lat_max_us,p_cpu_avg_pct,p_cpu_max_pct,p_mem_avg_mb,p_mem_peak_mb,c_msgs_consumed,c_bytes_consumed,c_elapsed_sec,c_msgs_per_sec,c_mb_per_sec,c_e2e_lat_avg_ms,c_e2e_lat_p50_ms,c_e2e_lat_p95_ms,c_e2e_lat_p99_ms,c_e2e_lat_min_ms,c_e2e_lat_max_ms,c_consumer_lag_at_end,c_cpu_avg_pct,c_cpu_max_pct,c_mem_avg_mb,c_mem_peak_mb
benchmark_balanced_20260225_053242,balanced,1,benchmark-balanced-14935b09,ok,,1000000,1000000,0,1024000000,1.61,620592.56,606.05,162981.51,58525.0,1098684.0,1150028.0,2009.0,1176068.0,0.0,0.0,137.97265625,210.421875,1000000,1024000000,0.64,1573145.79,1536.28,164.88,60.5,1099.66,1150.71,3.87,1176.98,0,,,,
benchmark_balanced_20260225_053242,balanced,2,benchmark-balanced-983f6950,ok,,1000000,1000000,0,1024000000,1.1,905963.72,884.73,112251.18,37219.0,595483.0,691335.0,1644.0,704681.0,0.0,0.0,127.71354166666667,208.640625,1000000,1024000000,0.66,1524283.0,1488.56,113.94,39.41,596.67,693.28,2.4,705.17,0,,,,
benchmark_balanced_20260225_053242,balanced,3,benchmark-balanced-872f238d,ok,,1000000,1000000,0,1024000000,1.08,928387.02,906.63,109772.89,60556.0,570576.0,637081.0,2268.0,655484.0,0.0,0.0,126.875,207.234375,1000000,1024000000,0.64,1574031.93,1537.14,110.97,61.62,573.45,638.03,2.89,656.77,0,,,,
