benchmark_id,preset,run_id,topic,status,error,p_msgs_produced,p_msgs_delivered,p_msgs_failed,p_bytes_delivered,p_elapsed_sec,p_msgs_per_sec,p_mb_per_sec,p_dr_lat_avg_us,p_dr_lat_p50_us,p_dr_lat_p95_us,p_dr_lat_p99_us,p_dr_lat_min_us,p_dr_lat_max_us,p_cpu_avg_pct,p_cpu_max_pct,p_mem_avg_mb,p_mem_peak_mb,c_msgs_consumed,c_bytes_consumed,c_elapsed_sec,c_msgs_per_sec,c_mb_per_sec,c_e2e_lat_avg_ms,c_e2e_lat_p50_ms,c_e2e_lat_p95_ms,c_e2e_lat_p99_ms,c_e2e_lat_min_ms,c_e2e_lat_max_ms,c_consumer_lag_at_end,c_cpu_avg_pct,c_cpu_max_pct,c_mem_avg_mb,c_mem_peak_mb
benchmark_high_throughput_20260225_053117,high_throughput,1,benchmark-high_throughput-7a17f846,ok,,5000000,5000000,0,2560000000,1.57,3184425.3,1554.9,7448.71,3740.0,38038.0,41432.0,1490.0,91558.0,0.0,0.0,253.25390625,374.796875,5000000,2560000000,10.94,457221.32,223.25,3238.63,2590.11,8881.02,9910.49,206.28,9912.64,0,0.0,0.0,1017.0703125,1166.046875
benchmark_high_throughput_20260225_053117,high_throughput,2,benchmark-high_throughput-c3e98886,ok,,5000000,5000000,0,2560000000,1.52,3288069.86,1605.5,3438.04,3513.0,4444.0,12639.0,1743.0,54050.0,0.0,0.0,119.3984375,198.984375,5000000,2560000000,5.92,844083.01,412.15,2368.52,2268.38,4999.89,5183.74,100.03,6031.56,0,0.0,0.0,953.6328125,1162.078125
benchmark_high_throughput_20260225_053117,high_throughput,3,benchmark-high_throughput-64ad3a4a,ok,,5000000,5000000,0,2560000000,1.52,3296891.46,1609.81,3278.33,3394.0,4259.0,8146.0,1637.0,53944.0,0.0,0.0,117.06640625,193.53125,5000000,2560000000,13.06,382755.81,186.89,3574.07,2723.95,10436.11,12452.37,247.78,12453.51,0,0.0,0.0,779.05859375,858.609375
