benchmark_id,preset,run_id,topic,status,error,p_msgs_produced,p_msgs_delivered,p_msgs_failed,p_bytes_delivered,p_elapsed_sec,p_msgs_per_sec,p_mb_per_sec,p_dr_lat_avg_us,p_dr_lat_p50_us,p_dr_lat_p95_us,p_dr_lat_p99_us,p_dr_lat_min_us,p_dr_lat_max_us,p_cpu_avg_pct,p_cpu_max_pct,p_mem_avg_mb,p_mem_peak_mb,c_msgs_consumed,c_bytes_consumed,c_elapsed_sec,c_msgs_per_sec,c_mb_per_sec,c_e2e_lat_avg_ms,c_e2e_lat_p50_ms,c_e2e_lat_p95_ms,c_e2e_lat_p99_ms,c_e2e_lat_min_ms,c_e2e_lat_max_ms,c_consumer_lag_at_end,c_cpu_avg_pct,c_cpu_max_pct,c_mem_avg_mb,c_mem_peak_mb
benchmark_balanced_20260224_102942,balanced,1,benchmark-balanced-d981f8e8,ok,,1000000,1000000,0,1024000000,1.06,941703.06,919.63,108608.95,47811.0,567529.0,614641.0,1722.0,629881.0,0.0,0.0,128.43229166666666,210.953125,1000000,1024000000,0.63,1578140.31,1541.15,110.42,49.58,568.56,616.0,2.62,630.69,0,,,,
benchmark_balanced_20260224_102942,balanced,2,benchmark-balanced-72ba6c95,ok,,1000000,1000000,0,1024000000,1.07,938119.68,916.13,108829.98,54104.0,569322.0,642042.0,2228.0,659946.0,0.0,0.0,126.6875,206.703125,1000000,1024000000,0.64,1569812.09,1533.02,110.18,55.17,571.0,644.06,3.71,660.72,0,,,,
benchmark_balanced_20260224_102942,balanced,3,benchmark-balanced-df483b40,ok,,1000000,1000000,0,1024000000,1.06,943885.0,921.76,107561.42,53708.0,564274.0,613077.0,2378.0,633449.0,0.0,0.0,126.86979166666667,206.046875,1000000,1024000000,0.61,1647987.29,1609.36,108.82,54.98,565.55,614.69,3.08,634.92,0,,,,
