benchmark_id,preset,run_id,topic,status,error,p_msgs_produced,p_msgs_delivered,p_msgs_failed,p_bytes_delivered,p_elapsed_sec,p_msgs_per_sec,p_mb_per_sec,p_dr_lat_avg_us,p_dr_lat_p50_us,p_dr_lat_p95_us,p_dr_lat_p99_us,p_dr_lat_min_us,p_dr_lat_max_us,p_cpu_avg_pct,p_cpu_max_pct,p_mem_avg_mb,p_mem_peak_mb,c_msgs_consumed,c_bytes_consumed,c_elapsed_sec,c_msgs_per_sec,c_mb_per_sec,c_e2e_lat_avg_ms,c_e2e_lat_p50_ms,c_e2e_lat_p95_ms,c_e2e_lat_p99_ms,c_e2e_lat_min_ms,c_e2e_lat_max_ms,c_consumer_lag_at_end,c_cpu_avg_pct,c_cpu_max_pct,c_mem_avg_mb,c_mem_peak_mb
benchmark_sustained_throughput_20260224_103426,sustained_throughput,1,benchmark-sustained_throughput-54ea6d02,ok,,158073181,158073181,0,161866937344,60.0,2634553.02,2572.81,3348.55,2787.0,4889.0,11341.0,1598.0,25754.0,0.0,0.0,235.94485294117646,245.453125,45496276,46588186624,89.89,506160.64,494.3,8128.42,8239.28,15536.18,16438.01,1.72,16721.96,0,0.0,0.0,999.8339512711865,1047.671875
benchmark_sustained_throughput_20260224_103426,sustained_throughput,2,benchmark-sustained_throughput-6a8144de,ok,,160347514,160347514,0,164195854336,60.0,2672458.57,2609.82,3195.08,2698.0,4574.0,6614.0,1683.0,25024.0,0.0,0.0,216.5904674369748,226.765625,45827933,46927803392,89.37,512763.34,500.75,8090.97,7904.51,15408.86,17158.32,1.68,17265.05,0,0.0,0.0,1065.9736979166667,1130.359375
benchmark_sustained_throughput_20260224_103426,sustained_throughput,3,benchmark-sustained_throughput-e06a7a3e,ok,,160074647,160074647,0,163916438528,60.0,2667910.78,2605.38,3270.44,2763.0,4749.0,5773.0,1637.0,25314.0,0.0,0.0,186.9980304621849,193.6875,45770131,46868614144,89.66,510504.3,498.54,8180.93,8044.83,15568.25,16566.34,1.62,17084.21,0,0.0,0.0,916.0230532786885,993.703125
