benchmark_id,preset,run_id,topic,status,error,p_msgs_produced,p_msgs_delivered,p_msgs_failed,p_bytes_delivered,p_elapsed_sec,p_msgs_per_sec,p_mb_per_sec,p_dr_lat_avg_us,p_dr_lat_p50_us,p_dr_lat_p95_us,p_dr_lat_p99_us,p_dr_lat_min_us,p_dr_lat_max_us,p_cpu_avg_pct,p_cpu_max_pct,p_mem_avg_mb,p_mem_peak_mb,c_msgs_consumed,c_bytes_consumed,c_elapsed_sec,c_msgs_per_sec,c_mb_per_sec,c_e2e_lat_avg_ms,c_e2e_lat_p50_ms,c_e2e_lat_p95_ms,c_e2e_lat_p99_ms,c_e2e_lat_min_ms,c_e2e_lat_max_ms,c_consumer_lag_at_end,c_cpu_avg_pct,c_cpu_max_pct,c_mem_avg_mb,c_mem_peak_mb
benchmark_high_throughput_20260224_102819,high_throughput,1,benchmark-high_throughput-ef72c214,ok,,5000000,5000000,0,2560000000,1.42,3520309.13,1718.9,3145.34,3311.0,4143.0,8106.0,1405.0,54291.0,0.0,0.0,94.109375,143.859375,5000000,2560000000,10.92,457866.4,223.57,3300.3,2728.68,8339.43,10325.67,128.63,10327.75,0,0.0,0.0,705.2125,755.703125
benchmark_high_throughput_20260224_102819,high_throughput,2,benchmark-high_throughput-efd0717d,ok,,5000000,5000000,0,2560000000,1.43,3507801.91,1712.79,3099.88,3265.0,4055.0,5423.0,1529.0,54950.0,0.0,0.0,79.30078125,122.078125,5000000,2560000000,8.98,556795.8,271.87,2750.33,2264.73,6775.16,7812.5,138.29,8319.85,0,0.0,0.0,762.544921875,838.375
benchmark_high_throughput_20260224_102819,high_throughput,3,benchmark-high_throughput-0b769cc3,ok,,5000000,5000000,0,2560000000,1.43,3489614.7,1703.91,3264.63,3318.0,4581.0,10690.0,1562.0,53545.0,0.0,0.0,103.38671875,157.5,5000000,2560000000,9.06,551944.2,269.5,3056.03,2616.28,7425.36,8465.44,141.22,8466.58,0,0.0,0.0,771.9873046875,876.9375
