benchmark_id,preset,run_id,topic,status,error,p_msgs_produced,p_msgs_delivered,p_msgs_failed,p_bytes_delivered,p_elapsed_sec,p_msgs_per_sec,p_mb_per_sec,p_dr_lat_avg_us,p_dr_lat_p50_us,p_dr_lat_p95_us,p_dr_lat_p99_us,p_dr_lat_min_us,p_dr_lat_max_us,p_cpu_avg_pct,p_cpu_max_pct,p_mem_avg_mb,p_mem_peak_mb,c_msgs_consumed,c_bytes_consumed,c_elapsed_sec,c_msgs_per_sec,c_mb_per_sec,c_e2e_lat_avg_ms,c_e2e_lat_p50_ms,c_e2e_lat_p95_ms,c_e2e_lat_p99_ms,c_e2e_lat_min_ms,c_e2e_lat_max_ms,c_consumer_lag_at_end,c_cpu_avg_pct,c_cpu_max_pct,c_mem_avg_mb,c_mem_peak_mb
benchmark_sustained_throughput_20260224_105329,sustained_throughput,1,benchmark-sustained_throughput-183f9033,ok,,160859575,160859575,0,164720204800,60.0,2680992.92,2618.16,3273.11,2737.0,4764.0,11011.0,1613.0,27012.0,0.0,0.0,230.29030987394958,240.109375,46106172,47212720128,89.92,512731.21,500.71,8206.67,7983.38,15351.3,16235.17,1.96,16408.37,0,0.0,0.0,1077.722722457627,1109.296875
benchmark_sustained_throughput_20260224_105329,sustained_throughput,2,benchmark-sustained_throughput-a6ede6b0,ok,,165219526,165219526,0,169184794624,60.0,2753658.77,2689.12,3184.19,2695.0,4647.0,5967.0,1618.0,26006.0,0.0,0.0,205.81840861344537,226.953125,45720443,46817733632,89.38,511505.67,499.52,8279.79,8129.02,15584.29,16611.21,1.78,16737.88,0,0.0,0.0,964.2264300847457,1017.5625
benchmark_sustained_throughput_20260224_105329,sustained_throughput,3,benchmark-sustained_throughput-b08bb2b8,ok,,162940000,162940000,0,166850560000,60.0,2715646.39,2652.0,3187.91,2683.0,4612.0,7062.0,1636.0,26194.0,0.0,0.0,209.29149159663865,217.203125,46110364,47217012736,90.09,511805.92,499.81,8192.96,7936.6,15596.58,16823.74,2.01,17858.19,0,0.0,0.0,1029.0412397540983,1079.609375
