benchmark_id,preset,run_id,topic,status,error,p_msgs_produced,p_msgs_delivered,p_msgs_failed,p_bytes_delivered,p_elapsed_sec,p_msgs_per_sec,p_mb_per_sec,p_dr_lat_avg_us,p_dr_lat_p50_us,p_dr_lat_p95_us,p_dr_lat_p99_us,p_dr_lat_min_us,p_dr_lat_max_us,p_cpu_avg_pct,p_cpu_max_pct,p_mem_avg_mb,p_mem_peak_mb,c_msgs_consumed,c_bytes_consumed,c_elapsed_sec,c_msgs_per_sec,c_mb_per_sec,c_e2e_lat_avg_ms,c_e2e_lat_p50_ms,c_e2e_lat_p95_ms,c_e2e_lat_p99_ms,c_e2e_lat_min_ms,c_e2e_lat_max_ms,c_consumer_lag_at_end,c_cpu_avg_pct,c_cpu_max_pct,c_mem_avg_mb,c_mem_peak_mb
benchmark_high_throughput_20260224_104722,high_throughput,1,benchmark-high_throughput-c389c3c1,ok,,5000000,5000000,0,2560000000,1.46,3425194.41,1672.46,10637.28,3731.0,55833.0,59601.0,1764.0,104978.0,0.0,0.0,318.16796875,435.171875,5000000,2560000000,8.92,560622.77,273.74,3163.47,2745.72,6817.7,7832.1,8.75,7835.77,0,0.0,0.0,822.69140625,906.171875
benchmark_high_throughput_20260224_104722,high_throughput,2,benchmark-high_throughput-83dbfddf,ok,,5000000,5000000,0,2560000000,1.43,3487436.24,1702.85,3431.69,3493.0,4363.0,12113.0,1704.0,54457.0,0.0,0.0,103.859375,154.375,5000000,2560000000,11.96,417915.19,204.06,3283.37,2514.51,8778.18,10767.5,5.33,10769.0,0,0.0,0.0,846.0104166666666,911.796875
benchmark_high_throughput_20260224_104722,high_throughput,3,benchmark-high_throughput-89f16fd7,ok,,5000000,5000000,0,2560000000,1.44,3481043.71,1699.73,3224.97,3427.0,4278.0,5696.0,1490.0,54005.0,0.0,0.0,82.359375,124.265625,5000000,2560000000,11.97,417718.27,203.96,3595.81,2883.01,8683.42,10674.93,4.75,10676.77,0,0.0,0.0,866.5684523809524,941.90625
