benchmark_id,preset,run_id,topic,status,error,p_msgs_produced,p_msgs_delivered,p_msgs_failed,p_bytes_delivered,p_elapsed_sec,p_msgs_per_sec,p_mb_per_sec,p_dr_lat_avg_us,p_dr_lat_p50_us,p_dr_lat_p95_us,p_dr_lat_p99_us,p_dr_lat_min_us,p_dr_lat_max_us,p_cpu_avg_pct,p_cpu_max_pct,p_mem_avg_mb,p_mem_peak_mb,c_msgs_consumed,c_bytes_consumed,c_elapsed_sec,c_msgs_per_sec,c_mb_per_sec,c_e2e_lat_avg_ms,c_e2e_lat_p50_ms,c_e2e_lat_p95_ms,c_e2e_lat_p99_ms,c_e2e_lat_min_ms,c_e2e_lat_max_ms,c_consumer_lag_at_end,c_cpu_avg_pct,c_cpu_max_pct,c_mem_avg_mb,c_mem_peak_mb
benchmark_high_throughput_20260225_051533,high_throughput,1,benchmark-high_throughput-a674b677,ok,,5000000,5000000,0,2560000000,1.48,3384905.96,1652.79,11402.61,3869.0,62246.0,67739.0,1424.0,111413.0,0.0,0.0,358.57421875,490.46875,5000000,2560000000,8.99,555975.0,271.47,2566.92,2213.28,6378.8,8390.53,188.79,8392.74,0,0.0,0.0,943.2099609375,1051.90625
benchmark_high_throughput_20260225_051533,high_throughput,2,benchmark-high_throughput-6cd1128a,ok,,5000000,5000000,0,2560000000,1.43,3498029.6,1708.02,3391.94,3481.0,4423.0,6893.0,1710.0,54308.0,0.0,0.0,87.03125,129.765625,5000000,2560000000,8.98,556526.95,271.74,2805.54,2453.2,6581.01,7691.29,4.37,7692.32,0,0.0,0.0,927.6052083333333,1017.34375
benchmark_high_throughput_20260225_051533,high_throughput,3,benchmark-high_throughput-dc3d9092,ok,,5000000,5000000,0,2560000000,1.44,3479115.46,1698.79,3260.57,3456.0,4163.0,5747.0,1396.0,53841.0,0.0,0.0,79.57421875,119.96875,5000000,2560000000,9.97,501488.92,244.87,2867.81,2424.05,7335.14,9055.34,158.99,9056.36,0,0.0,0.0,1011.0755208333334,1115.390625
